experience,test_score,interview_score,salary
2,8,8,48681.77960312315
3,5,4,25355.144055172495
4,6,5,32549.649440077927
6,9,9,55806.29912434321
7,3,5,15775.576282952465
11,2,1,3515.0130669431655
2,8,6,45382.16978648209
15,1,2,-496.5256074634999
29,9,9,55269.74083608869
